{
  "cwd": "/home/moe/source/Energi-Smart-Contract-Tutorial/svelte-faucet",
  "type": [
    "pwa"
  ],
  "name": "Faucet",
  "framework": "svelte",
  "template": "split-view",
  "bundler": "webpack",
  "cssPreProcessor": "less",
  "theming": {
    "customColor": true,
    "color": "#263238",
    "darkTheme": true,
    "iconFonts": true,
    "fillBars": true
  },
  "customBuild": false,
  "webpack": {
    "developmentSourceMap": true,
    "productionSourceMap": true,
    "hashAssets": false,
    "preserveAssetsPaths": false,
    "inlineAssets": true
  }
}